"RECORD_TYPE_CODE","RECORD_CATEGORY_CODE","REINSURANCE_YEAR","COMMODITY_CODE","TYPE_CODE","TYPE_NAME","TYPE_ABBREVIATION","LAST_RELEASED_DATE","RELEASED_DATE","DELETED_DATE"
"A00540","01","2023","0011","011","Winter","W","","6/17/2022",""
"A00540","01","2023","0011","012","Spring","S","","6/17/2022",""
"A00540","01","2023","0011","017","Khorasan (Spring)","KS","","6/17/2022",""
"A00540","01","2023","0011","018","Durum (Spring)","DS","","6/17/2022",""
"A00540","01","2023","0011","019","Durum (Winter)","DW","","6/17/2022",""
"A00540","01","2023","0012","001","Rabbiteye","RTE","","8/9/2022",""
"A00540","01","2023","0012","002","Highbush","HB","","8/9/2022",""
"A00540","01","2023","0012","004","Lowbush","LB","","8/9/2022",""
"A00540","01","2023","0012","006","Early To Late Highbush (Group B)","ELH-B","","8/9/2022",""
"A00540","01","2023","0012","007","Very Late Highbush & Rabbiteye (Group A)","LHR-A","","8/9/2022",""
"A00540","01","2023","0013","170","Reds","R","","6/17/2022",""
"A00540","01","2023","0013","180","Whites","W","","6/17/2022",""
"A00540","01","2023","0013","190","Yellows","Y","","6/17/2022",""
"A00540","01","2023","0013","200","Granex (Non-Storage)","GXNS","","6/17/2022",""
"A00540","01","2023","0013","215","Spring Planted Whites & Yellows","SPWY","","6/17/2022",""
"A00540","01","2023","0013","223","Fall Planted Whites & Yellows (Processed)","FPWYP","","6/17/2022",""
"A00540","01","2023","0013","228","Winter Planted Whites & Yellows","WPWY","","6/17/2022",""
"A00540","01","2023","0013","231","Fall Planted Whites & Yellows (Non-Storage)","FPWYNS","","6/17/2022",""
"A00540","01","2023","0013","232","Spring Planted Whites & Yellows (Non-Storage)","SPWYNS","","6/17/2022",""
"A00540","01","2023","0015","285","Fall Oleic Canola","FOC","","6/17/2022",""
"A00540","01","2023","0015","286","Spring Oleic Canola","SOC","","6/17/2022",""
"A00540","01","2023","0015","287","Fall High Erucic Rapeseed","FHER","","6/17/2022",""
"A00540","01","2023","0015","288","Spring High Erucic Rapeseed","SHER","","6/17/2022",""
"A00540","01","2023","0015","384","Spring High Oleic Canola","SHOC","","11/16/2022",""
"A00540","01","2023","0016","016","Winter","W","","6/17/2022",""
"A00540","01","2023","0016","017","Spring","S","","6/17/2022",""
"A00540","01","2023","0017","050","Proso","PRO","","11/16/2022",""
"A00540","01","2023","0018","451","Short Grain","SHRTGRN","","11/16/2022",""
"A00540","01","2023","0018","452","Medium Grain","MEDGRN","","11/16/2022",""
"A00540","01","2023","0018","453","Long Grain","LNGGRN","","11/16/2022",""
"A00540","01","2023","0019","055","Hass","HASS","","8/9/2022",""
"A00540","01","2023","0019","056","Early Varieties","EV","","8/9/2022",""
"A00540","01","2023","0019","057","Late Varieties","LV","","8/9/2022",""
"A00540","01","2023","0019","058","Mid Varieties","MV","","8/9/2022",""
"A00540","01","2023","0020","999","All Varieties","AV","","8/9/2022",""
"A00540","01","2023","0021","997","No Type Specified","NTS","","11/16/2022",""
"A00540","01","2023","0022","997","No Type Specified","NTS","","11/16/2022",""
"A00540","01","2023","0023","997","No Type Specified","NTS","","8/9/2022",""
"A00540","01","2023","0024","997","No Type Specified","NTS","","8/9/2022",""
"A00540","01","2023","0028","997","No Type Specified","NTS","","8/9/2022",""
"A00540","01","2023","0029","997","No Type Specified","NTS","","8/9/2022",""
"A00540","01","2023","0031","012","Spring","S","","11/16/2022",""
"A00540","01","2023","0032","054","Red Clover","RC","","4/14/2022",""
"A00540","01","2023","0032","056","Birdsfoot Trefoil","BT","","4/14/2022",""
"A00540","01","2023","0032","057","Birdsfoot Trefoil Grass Mixture","BTGM","","4/14/2022",""
"A00540","01","2023","0032","824","Alfalfa 60-89","A6089","","4/14/2022",""
"A00540","01","2023","0032","825","Alfalfa 90-100","A90100","","4/14/2022",""
"A00540","01","2023","0033","058","Grass","GRASS","","6/17/2022",""
"A00540","01","2023","0033","554","Red Clover","RC","","6/17/2022",""
"A00540","01","2023","0033","556","Birdsfoot Trefoil","BT","","6/17/2022",""
"A00540","01","2023","0033","557","Birdsfoot Trefoil  Grass Mixture","BTGM","","6/17/2022",""
"A00540","01","2023","0033","822","Alfalfa 1-24","AA124","","6/17/2022",""
"A00540","01","2023","0033","823","Alfalfa 25-59","AA2559","","6/17/2022",""
"A00540","01","2023","0033","824","Alfalfa 60-89","AA6089","","6/17/2022",""
"A00540","01","2023","0033","825","Alfalfa 90-100","AA90100","","6/17/2022",""
"A00540","01","2023","0033","826","Orchardgrass","ORGRS","","6/17/2022",""
"A00540","01","2023","0033","827","Timothy","TMTHY","","6/17/2022",""
"A00540","01","2023","0034","101","Fresh","FRESH","","8/9/2022",""
"A00540","01","2023","0034","102","Processing","PROC","","8/9/2022",""
"A00540","01","2023","0034","107","Early Season (Fresh)","ERSNF","","8/9/2022",""
"A00540","01","2023","0034","108","Mid Season (Fresh)","MDSNF","","8/9/2022",""
"A00540","01","2023","0034","109","Late Season (Fresh)","LTSNF","","8/9/2022",""
"A00540","01","2023","0036","997","No Type Specified","NTS","","8/9/2022",""
"A00540","01","2023","0037","997","No Type Specified","NTS","","4/7/2022",""
"A00540","01","2023","0038","997","No Type Specified","NTS","","6/17/2022",""
"A00540","01","2023","0039","997","No Type Specified","NTS","","4/7/2022",""
"A00540","01","2023","0041","009","Seed","SEED","","6/17/2022",""
"A00540","01","2023","0041","016","Grain","GSG","","6/17/2022",""
"A00540","01","2023","0041","026","Silage","GSS","","6/17/2022",""
"A00540","01","2023","0041","341","White","WHITE","","11/16/2022",""
"A00540","01","2023","0041","381","Waxy","WAXY","","11/16/2022",""
"A00540","01","2023","0041","382","High Amylase","HAMLS","","11/16/2022",""
"A00540","01","2023","0041","383","Blue","BLUE","","11/16/2022",""
"A00540","01","2023","0041","739","High Amylose","HAMOS","","11/16/2022",""
"A00540","01","2023","0042","081","Early Golden & White","EGW","","11/16/2022",""
"A00540","01","2023","0042","082","Other Golden","OG","","11/16/2022",""
"A00540","01","2023","0042","997","No Type Specified","NTS","","11/16/2022",""
"A00540","01","2023","0043","997","No Type Specified","NTS","","11/16/2022",""
"A00540","01","2023","0044","997","No Type Specified","NTS","","4/7/2022",""
"A00540","01","2023","0045","201","Long Green New Mexican","LGNM","","11/16/2022",""
"A00540","01","2023","0045","202","Long Red New Mexican","LRNM","","11/16/2022",""
"A00540","01","2023","0045","203","Cayenne","CYNE","","11/16/2022",""
"A00540","01","2023","0045","204","Jalapeno","JLPO","","11/16/2022",""
"A00540","01","2023","0046","161","Group A - Snap Beans","GRA","","11/16/2022",""
"A00540","01","2023","0046","261","Group B - Snap Beans","GRB","","11/16/2022",""
"A00540","01","2023","0046","265","Chickpeas/Garbanzo & Large Kabuli","CGBLK","","11/16/2022",""
"A00540","01","2023","0046","301","Snap","SNB","","11/16/2022",""
"A00540","01","2023","0046","302","Limas","LIMA","","11/16/2022",""
"A00540","01","2023","0046","303","Baby Limas","BBLM","","11/16/2022",""
"A00540","01","2023","0046","304","Italian","ITAL","","11/16/2022",""
"A00540","01","2023","0046","305","Wax","WAX","","11/16/2022",""
"A00540","01","2023","0046","306","Petite","PET","","11/16/2022",""
"A00540","01","2023","0046","307","Green And Other Unlisted Types","GRNOTH","","11/16/2022",""
"A00540","01","2023","0047","062","Contract Seed Bean","CSB","","11/16/2022",""
"A00540","01","2023","0047","303","Black","BTS","","11/16/2022",""
"A00540","01","2023","0047","304","Cranberry","CBRY","","11/16/2022",""
"A00540","01","2023","0047","305","Dark Red Kidney","DRK","","11/16/2022",""
"A00540","01","2023","0047","307","Great Northern","GRNO","","11/16/2022",""
"A00540","01","2023","0047","308","Light Red Kidney","LRK","","11/16/2022",""
"A00540","01","2023","0047","309","Pea (Navy)","PNAV","","11/16/2022",""
"A00540","01","2023","0047","310","Pink","PNK","","11/16/2022",""
"A00540","01","2023","0047","311","Pinto","PTO","","11/16/2022",""
"A00540","01","2023","0047","312","Flat Small White","FSW","","11/16/2022",""
"A00540","01","2023","0047","313","Small Red","SMR","","11/16/2022",""
"A00540","01","2023","0047","314","Small White","SMW","","11/16/2022",""
"A00540","01","2023","0047","315","Blackeye","BEYE","","11/16/2022",""
"A00540","01","2023","0047","316","Yelloweye","YEYE","","11/16/2022",""
"A00540","01","2023","0047","318","White Kidney","WK","","11/16/2022",""
"A00540","01","2023","0047","319","Large Lima","LLIMA","","11/16/2022",""
"A00540","01","2023","0047","320","Baby Lima","BLIMA","","11/16/2022",""
"A00540","01","2023","0047","321","Adzuki","ADZ","","11/16/2022",""
"A00540","01","2023","0047","322","Tebo","TEBO","","11/16/2022",""
"A00540","01","2023","0047","323","Yellow","YEL","","11/16/2022",""
"A00540","01","2023","0047","324","Anasazi","ANZI","","11/16/2022",""
"A00540","01","2023","0049","997","No Type Specified","NTS","","8/9/2022",""
"A00540","01","2023","0050","216","Standard Planting Gr","SPG","","11/16/2022",""
"A00540","01","2023","0050","217","Standard Planting Fo","SPF","","11/16/2022",""
"A00540","01","2023","0050","218","Standard Planting Su","SPS","","11/16/2022",""
"A00540","01","2023","0050","316","Interplanting Grain","IG","","11/16/2022",""
"A00540","01","2023","0050","317","Interplanting Forage","IF","","11/16/2022",""
"A00540","01","2023","0051","009","Seed","SEED","","11/16/2022",""
"A00540","01","2023","0051","997","No Type Specified","NTS","","11/16/2022",""
"A00540","01","2023","0052","006","Beauty Seedless","BS","","8/9/2022",""
"A00540","01","2023","0052","032","Flame Seedless","FS","","8/9/2022",""
"A00540","01","2023","0052","033","Tokay/Tokay Flame","TTF","","8/9/2022",""
"A00540","01","2023","0052","063","Perlette","PTG","","8/9/2022",""
"A00540","01","2023","0052","064","Princess","PR","","8/9/2022",""
"A00540","01","2023","0052","065","Pristine","PST","","8/9/2022",""
"A00540","01","2023","0052","066","Great Green","GG","","8/9/2022",""
"A00540","01","2023","0052","067","Sweet Globe","SG","","8/9/2022",""
"A00540","01","2023","0052","068","Ivory","IV","","8/9/2022",""
"A00540","01","2023","0052","069","Allison","AL","","8/9/2022",""
"A00540","01","2023","0052","070","Krissy","KS","","8/9/2022",""
"A00540","01","2023","0052","075","Ribier","RBTG","","8/9/2022",""
"A00540","01","2023","0052","077","Ruby Seedless","RS","","8/9/2022",""
"A00540","01","2023","0052","086","Superior Seedless","SS","","8/9/2022",""
"A00540","01","2023","0052","088","Thompson Seedless","TS","","8/9/2022",""
"A00540","01","2023","0052","095","All Others","ALTG","","8/9/2022",""
"A00540","01","2023","0052","097","Christmas Rose","CR","","8/9/2022",""
"A00540","01","2023","0052","098","Crimson Seedless","CS","","8/9/2022",""
"A00540","01","2023","0052","104","Autumn Royal","AR","","8/9/2022",""
"A00540","01","2023","0052","166","Autumn King","ATM KG","","8/9/2022",""
"A00540","01","2023","0052","169","Red Globe","RG","","8/9/2022",""
"A00540","01","2023","0052","327","Midnight Beauty","MB","","8/9/2022",""
"A00540","01","2023","0052","328","Sweet Scarlet","SS","","8/9/2022",""
"A00540","01","2023","0052","329","Scarlet Royal","SCARLET RL","","8/9/2022",""
"A00540","01","2023","0052","362","Adora","ADORA","","8/9/2022",""
"A00540","01","2023","0052","363","Autumn Crisp","AUTM CRISP","","8/9/2022",""
"A00540","01","2023","0052","364","Scarlotta","SCARLOTTA","","8/9/2022",""
"A00540","01","2023","0052","997","No Type Specified","NTS","","8/9/2022",""
"A00540","01","2023","0053","002","Alicante-Bouschet/Alicante","ABALICANTE","","8/9/2022",""
"A00540","01","2023","0053","005","Barbera","BARBERA","","8/9/2022",""
"A00540","01","2023","0053","014","Burger","BRGR","","8/9/2022",""
"A00540","01","2023","0053","015","Cabernet Franc","CABFRANC","","8/9/2022",""
"A00540","01","2023","0053","016","Cabernet Sauvignon","CABSAUV","","8/9/2022",""
"A00540","01","2023","0053","020","Carignane","CARIGNANE","","8/9/2022",""
"A00540","01","2023","0053","021","Carnelian","CRNLN","","8/9/2022",""
"A00540","01","2023","0053","023","Chardonnay","CHRDNY","","8/9/2022",""
"A00540","01","2023","0053","024","Chenin Blanc","CHN BLANC","","8/9/2022",""
"A00540","01","2023","0053","027","Emerald Riesling","EMRDRSLG","","8/9/2022",""
"A00540","01","2023","0053","031","Fiesta","FIESTA","","8/9/2022",""
"A00540","01","2023","0053","032","Flame Seedless","FLM SDLS","","8/9/2022",""
"A00540","01","2023","0053","033","Flame Tokay","FLM TKY","","8/9/2022",""
"A00540","01","2023","0053","036","French Colombard","FRCLMBRD","","8/9/2022",""
"A00540","01","2023","0053","037","Gamay (Napa)/Gamay","GAMAY","","8/9/2022",""
"A00540","01","2023","0053","039","Gewurztraminer","GWZTRMR","","8/9/2022",""
"A00540","01","2023","0053","044","Grenache","GRNCH","","8/9/2022",""
"A00540","01","2023","0053","048","White Malaga","WHTMLGA","","8/9/2022",""
"A00540","01","2023","0053","049","Malvasia Bianca","MLVBNCA","","8/9/2022",""
"A00540","01","2023","0053","050","Mataro/Mourvedre","MTR/MRVD","","8/9/2022",""
"A00540","01","2023","0053","051","Merlot","MERLOT","","8/9/2022",""
"A00540","01","2023","0053","052","Mission","MSSN","","8/9/2022",""
"A00540","01","2023","0053","055","Muscat Blanc/M Canelli","MCBL/MCNL","","8/9/2022",""
"A00540","01","2023","0053","057","Muscat","MUSCAT","","8/9/2022",""
"A00540","01","2023","0053","060","Palomino/G Chasselas","PLM/GCHL","","8/9/2022",""
"A00540","01","2023","0053","064","Petite Sirah","PTSRH","","8/9/2022",""
"A00540","01","2023","0053","066","Pinot Blanc","PNBLC","","8/9/2022",""
"A00540","01","2023","0053","067","Pinot Noir","PNNOR","","8/9/2022",""
"A00540","01","2023","0053","074","Rubired","RBRD","","8/9/2022",""
"A00540","01","2023","0053","076","Ruby Cabernet","RBCAB","","8/9/2022",""
"A00540","01","2023","0053","080","Salvador","SLVDR","","8/9/2022",""
"A00540","01","2023","0053","081","Sauvignon Blanc/Fume Blanc","SVBFMBL","","8/9/2022",""
"A00540","01","2023","0053","083","Semillon","SEMLN","","8/9/2022",""
"A00540","01","2023","0053","085","Sultana","SLTNA","","8/9/2022",""
"A00540","01","2023","0053","088","Thompson Seedless","THMPSDLS","","8/9/2022",""
"A00540","01","2023","0053","092","Tempranillo/Valdepenas","TMPR/VLDP","","8/9/2022",""
"A00540","01","2023","0053","093","White/Johannisberg Riesling","WJHNRLG","","8/9/2022",""
"A00540","01","2023","0053","094","Zinfandel","ZNFNDL","","8/9/2022",""
"A00540","01","2023","0053","095","Other Varieties","OTH VAR","","8/9/2022",""
"A00540","01","2023","0053","096","Symphony","SYMPHY","","8/9/2022",""
"A00540","01","2023","0053","098","Pinot Gris/Pinot Grigio","PNGRI","","8/9/2022",""
"A00540","01","2023","0053","099","Viognier","VIGNR","","8/9/2022",""
"A00540","01","2023","0053","100","Petit Verdot","PTVRD","","8/9/2022",""
"A00540","01","2023","0053","101","Malbec","MLBC","","8/9/2022",""
"A00540","01","2023","0053","113","Red Zinfandel","RDZND","","8/9/2022",""
"A00540","01","2023","0053","119","Albarino","ALBAR","","8/9/2022",""
"A00540","01","2023","0053","151","Meunier","MUNIR","","8/9/2022",""
"A00540","01","2023","0053","161","Group A","GRPA","","8/9/2022",""
"A00540","01","2023","0053","179","Tannat","TANAT","","8/9/2022",""
"A00540","01","2023","0053","196","Syrah/French Syrah-Shiraz","SYR/FSYR","","8/9/2022",""
"A00540","01","2023","0053","199","Niagara","NIAGR","","8/9/2022",""
"A00540","01","2023","0053","200","Concord","CNCRD","","8/9/2022",""
"A00540","01","2023","0053","209","Chambourcin","CHMBN","","8/9/2022",""
"A00540","01","2023","0053","261","Group B","GRPB","","8/9/2022",""
"A00540","01","2023","0053","263","St. Pepin","STPEP","","8/9/2022",""
"A00540","01","2023","0053","264","Brianna","BRINA","","8/9/2022",""
"A00540","01","2023","0053","295","Grenache Blanc","GREBC","","8/9/2022",""
"A00540","01","2023","0053","330","Black Cornith/Zante Currant","BCZC","","8/9/2022",""
"A00540","01","2023","0053","331","Selma Pete","SELMA PETE","","8/9/2022",""
"A00540","01","2023","0053","376","Sangiovese/Sangioveto","SGSG","","8/9/2022",""
"A00540","01","2023","0053","378","Muscadine","MUSCADINE","","8/9/2022",""
"A00540","01","2023","0053","391","Edelweiss","EDLWS","","8/9/2022",""
"A00540","01","2023","0053","410","Norton","NRTON","","8/9/2022",""
"A00540","01","2023","0053","422","Saperavi","SAPV","","8/9/2022",""
"A00540","01","2023","0053","423","Zweigelt","ZWGT","","8/9/2022",""
"A00540","01","2023","0053","463","Frontenac","FRNTC","","8/9/2022",""
"A00540","01","2023","0053","464","Frontenac Gris","FRNGS","","8/9/2022",""
"A00540","01","2023","0053","466","St. Croix","STCRX","","8/9/2022",""
"A00540","01","2023","0053","510","All Other Natives","AON","","8/9/2022",""
"A00540","01","2023","0053","511","Catawba","CATAWA","","8/9/2022",""
"A00540","01","2023","0053","512","Elvira","ELVIRA","","8/9/2022",""
"A00540","01","2023","0053","513","Dutchess","DUTCH","","8/9/2022",""
"A00540","01","2023","0053","514","Isabella","ISBLA","","8/9/2022",""
"A00540","01","2023","0053","515","Diamond","DIMND","","8/9/2022",""
"A00540","01","2023","0053","516","Traminette","TRAMN","","8/9/2022",""
"A00540","01","2023","0053","520","Delaware","DELAWA","","8/9/2022",""
"A00540","01","2023","0053","550","All Other Hybrids","AOH","","8/9/2022",""
"A00540","01","2023","0053","551","Baco Noir","BACO","","8/9/2022",""
"A00540","01","2023","0053","552","Geneva Red 7","GR7","","8/9/2022",""
"A00540","01","2023","0053","553","Dechaunac","DECHAU","","8/9/2022",""
"A00540","01","2023","0053","554","Rosette","ROSETT","","8/9/2022",""
"A00540","01","2023","0053","556","Seyval Blanc","SEYVAL","","8/9/2022",""
"A00540","01","2023","0053","557","Vignoles","VIGNOL","","8/9/2022",""
"A00540","01","2023","0053","558","Aurore","AURORE","","8/9/2022",""
"A00540","01","2023","0053","559","Cayuga White","CAYUGA","","8/9/2022",""
"A00540","01","2023","0053","561","Vidal Blanc","VIDAL","","8/9/2022",""
"A00540","01","2023","0053","562","Vincent","VINCEN","","8/9/2022",""
"A00540","01","2023","0053","563","Chardonel","CHRDNL","","8/9/2022",""
"A00540","01","2023","0053","564","Cascade","CASCAD","","8/9/2022",""
"A00540","01","2023","0053","565","Leon Millot","LEON","","8/9/2022",""
"A00540","01","2023","0053","566","Chancellor","CHANCE","","8/9/2022",""
"A00540","01","2023","0053","567","Valvin Muscat","VALVIN","","8/9/2022",""
"A00540","01","2023","0053","568","Castel","CAST","","8/9/2022",""
"A00540","01","2023","0053","569","Colobel","COLO","","8/9/2022",""
"A00540","01","2023","0053","570","All Other Viniferas","AOV","","8/9/2022",""
"A00540","01","2023","0053","571","Dornfelder","DORN","","8/9/2022",""
"A00540","01","2023","0053","572","Carmine","CAR","","8/9/2022",""
"A00540","01","2023","0053","573","Ives","IVES","","8/9/2022",""
"A00540","01","2023","0053","574","Muscat & Golden","MSGO","","8/9/2022",""
"A00540","01","2023","0053","575","Rougeon","ROU","","8/9/2022",""
"A00540","01","2023","0053","576","Muscat Ottonel","MSCOTL","","8/9/2022",""
"A00540","01","2023","0053","577","Labrusca","LABRU","","8/9/2022",""
"A00540","01","2023","0053","578","Villard Blanc","VILBL","","8/9/2022",""
"A00540","01","2023","0053","579","Melody","MELO","","8/9/2022",""
"A00540","01","2023","0053","580","Noiret","NOIR","","8/9/2022",""
"A00540","01","2023","0053","581","Lemberger","LEMB","","8/9/2022",""
"A00540","01","2023","0053","582","Muller Thurgau","MULLER","","8/9/2022",""
"A00540","01","2023","0053","584","Pinot Noir For Sparkling","PNFSK","","8/9/2022",""
"A00540","01","2023","0053","585","Chelois","CHELO","","8/9/2022",""
"A00540","01","2023","0053","586","St.Vincent","STVIN","","8/9/2022",""
"A00540","01","2023","0053","587","Marechal Foch","MARFO","","8/9/2022",""
"A00540","01","2023","0053","588","Corot Noir","CORNO","","8/9/2022",""
"A00540","01","2023","0053","589","Landot Noir","LANNO","","8/9/2022",""
"A00540","01","2023","0053","590","Other White Varieties","OWV","","8/9/2022",""
"A00540","01","2023","0053","595","Other Red/Pink Varieties","OTHER","","8/9/2022",""
"A00540","01","2023","0053","643","Lacresent","LCRST","","8/9/2022",""
"A00540","01","2023","0053","644","Lacrosse","LCRSE","","8/9/2022",""
"A00540","01","2023","0053","729","Marquette","MRQTE","","8/9/2022",""
"A00540","01","2023","0053","964","Riesling","RISLG","","8/9/2022",""
"A00540","01","2023","0053","978","Roussanne","RUSAN","","8/9/2022",""
"A00540","01","2023","0054","022","Ginger Gold (Fresh)","GNRGL-F","","8/9/2022",""
"A00540","01","2023","0054","023","Golden Supreme & Golden Delicious (Fresh)","GLDSPDDL-F","","8/9/2022",""
"A00540","01","2023","0054","025","Jazz/Scifresh (Fresh)","JZSCI-F","","8/9/2022",""
"A00540","01","2023","0054","030","Pinata/Pinova (Fresh)","PINAT/OV-F","","8/9/2022",""
"A00540","01","2023","0054","086","Aurora Golden Gala (Fresh)","ARGGA-F","","8/9/2022",""
"A00540","01","2023","0054","111","Fresh","FRESH","","8/9/2022",""
"A00540","01","2023","0054","112","Processing","PROCS","","8/9/2022",""
"A00540","01","2023","0054","114","Varietal Group A (Fresh)","VGA FRSH","","8/9/2022",""
"A00540","01","2023","0054","115","Varietal Group B (Fresh)","VGB FRSH","","8/9/2022",""
"A00540","01","2023","0054","116","Varietal Group C (Fresh)","VGC FRSH","","8/9/2022",""
"A00540","01","2023","0054","161","Braeburn (Fresh)","BRABN-F","","8/9/2022",""
"A00540","01","2023","0054","206","Cameo (Fresh)","CAMEO-F","","8/9/2022",""
"A00540","01","2023","0054","213","Envy/Scilate (Fresh)","ENVY/SCL-F","","8/9/2022",""
"A00540","01","2023","0054","214","Pazazz (Fresh)","PZAZZ-F","","8/9/2022",""
"A00540","01","2023","0054","335","Pink Lady/Cripps Pink (Fresh)","PLCRP-F","","8/9/2022",""
"A00540","01","2023","0054","447","Ambrosia (Fresh)","AMBRO-F","","8/9/2022",""
"A00540","01","2023","0054","448","SweeTango/Minneiska (Fresh)","SWTGO-F","","8/9/2022",""
"A00540","01","2023","0054","468","Fuji (Fresh)","FUJI-F","","8/9/2022",""
"A00540","01","2023","0054","469","Gala (Fresh)","GALA-F","","8/9/2022",""
"A00540","01","2023","0054","510","Granny Smith (Fresh)","GRNYS-F","","8/9/2022",""
"A00540","01","2023","0054","571","Honeycrisp (Fresh)","HNYCP-F","","8/9/2022",""
"A00540","01","2023","0054","600","Pacific Rose (Fresh)","PCRSE-F","","8/9/2022",""
"A00540","01","2023","0054","601","Cosmic Crisp/WA 38 (Fresh)","COMCR/WA-F","","8/9/2022",""
"A00540","01","2023","0054","602","Autumn Glory (Fresh)","AUGLY-F","","8/9/2022",""
"A00540","01","2023","0054","611","Jonagold (Fresh)","JNGLD-F","","8/9/2022",""
"A00540","01","2023","0054","740","McIntosh (Fresh)","MCTSH-F","","8/9/2022",""
"A00540","01","2023","0054","944","Red Delicious (Fresh)","REDDL-F","","8/9/2022",""
"A00540","01","2023","0054","950","Rome (Fresh)","REDRM-F","","8/9/2022",""
"A00540","01","2023","0054","951","All Other Varieties (Fresh)","ALLOT-F","","8/9/2022",""
"A00540","01","2023","0055","997","No Type Specified","NTS","","6/17/2022",""
"A00540","01","2023","0057","111","Sweet Cherries (Fresh)","SWCHF","","8/9/2022",""
"A00540","01","2023","0057","112","Sweet Cherries (Processing)","SWCHP","","8/9/2022",""
"A00540","01","2023","0057","113","Sweet Cherries All Other (Processing)","SWCHPO","","8/9/2022",""
"A00540","01","2023","0057","114","Sweet Cherries Canned (Processing)","SCCNPC","","8/9/2022",""
"A00540","01","2023","0057","416","Tart Cherries (Processing)","TRCHP","","8/9/2022",""
"A00540","01","2023","0058","997","No Type Specified","NTS","","8/9/2022",""
"A00540","01","2023","0059","125","Brown Mid-Rib","BMR","","11/16/2022",""
"A00540","01","2023","0059","126","Non-Brown Mid Rib","N-BMR","","11/16/2022",""
"A00540","01","2023","0060","160","Adriatic","A","","8/9/2022",""
"A00540","01","2023","0060","174","Tena (Adriatic)","TENA-ADRTC","","8/9/2022",""
"A00540","01","2023","0060","177","Sierra","SIERRA","","8/9/2022",""
"A00540","01","2023","0060","260","Black Mission","B","","8/9/2022",""
"A00540","01","2023","0060","360","Calimyrna","C","","8/9/2022",""
"A00540","01","2023","0060","460","Kadota","K","","8/9/2022",""
"A00540","01","2023","0062","210","Standard Planting","SP","","11/16/2022",""
"A00540","01","2023","0062","220","Interplanting","I","","11/16/2022",""
"A00540","01","2023","0064","100","Early Season","ES","","11/16/2022",""
"A00540","01","2023","0064","200","Mid Season","MS","","11/16/2022",""
"A00540","01","2023","0064","300","Late Season","LS","","11/16/2022",""
"A00540","01","2023","0064","500","Petite","P","","11/16/2022",""
"A00540","01","2023","0064","600","All Others","O","","11/16/2022",""
"A00540","01","2023","0064","611","Shelled Peas","SHP","","11/16/2022",""
"A00540","01","2023","0064","612","Podded Peas","PDP","","11/16/2022",""
"A00540","01","2023","0064","613","Shelled Early Season","SESP","","11/16/2022",""
"A00540","01","2023","0064","614","Shelled Mid Season","SMSP","","11/16/2022",""
"A00540","01","2023","0064","615","Shelled Late Season","SLSP","","11/16/2022",""
"A00540","01","2023","0064","997","No Type Specified","NTS","","11/16/2022",""
"A00540","01","2023","0066","255","Hybrid Carrot Seed (Winter)","HYCSW","","4/7/2022",""
"A00540","01","2023","0066","256","Hybrid Carrot Seed (Spring)","HYCSS","","4/7/2022",""
"A00540","01","2023","0067","089","Spr Austrian Peas","AP","","6/17/2022",""
"A00540","01","2023","0067","090","Spr Large Kabuli Chickpeas","LKC","","6/17/2022",""
"A00540","01","2023","0067","091","Spr Small Kabuli Chickpeas","SKC","","6/17/2022",""
"A00540","01","2023","0067","092","Spr Desi Chickpeas","DC","","11/16/2022",""
"A00540","01","2023","0067","094","Spr Marrowfat Peas","M","","11/16/2022",""
"A00540","01","2023","0067","095","Spr Forage/Feed Peas For Seed","FFPGS","","11/16/2022",""
"A00540","01","2023","0067","097","Spr Smooth Green Or Yellow","S","","6/17/2022",""
"A00540","01","2023","0067","098","Spr Contract Seed Peas","CSP","","6/17/2022",""
"A00540","01","2023","0067","099","Spr Lentils","L","","6/17/2022",""
"A00540","01","2023","0067","189","Fall Austrian Peas","APF","","6/17/2022",""
"A00540","01","2023","0067","197","Fall Smooth Green Or Yellow","SSF","","6/17/2022",""
"A00540","01","2023","0067","199","Fall Lentils","LF","","6/17/2022",""
"A00540","01","2023","0067","290","Large Kabuli Chickpeas","LKCP","","6/17/2022",""
"A00540","01","2023","0067","424","Fava/Faba","FAVA","","11/16/2022",""
"A00540","01","2023","0069","007","Oriental","ORIENT","","11/16/2022",""
"A00540","01","2023","0069","008","Brown","BRN","","11/16/2022",""
"A00540","01","2023","0069","009","Yellow","YLLW","","11/16/2022",""
"A00540","01","2023","0072","991","Green (Fresh)","GF","","4/7/2022",""
"A00540","01","2023","0072","992","Red (Fresh)","RF","","4/7/2022",""
"A00540","01","2023","0072","993","Green (Proc)","GP","","11/16/2022",""
"A00540","01","2023","0072","994","Red (Proc)","RP","","11/16/2022",""
"A00540","01","2023","0073","056","Deciduous Trees(Shade & Flower)","DT","","12/21/2022",""
"A00540","01","2023","0073","057","Broadleaf Evergreen Trees","BE","","12/21/2022",""
"A00540","01","2023","0073","058","Coniferous Evergreen Trees","CE","","12/21/2022",""
"A00540","01","2023","0073","059","Fruit And Nut Trees","FN","","12/21/2022",""
"A00540","01","2023","0073","060","Deciduous Shrubs","DS","","12/21/2022",""
"A00540","01","2023","0073","061","Broadleaf Evergreen Shrubs","BS","","12/21/2022",""
"A00540","01","2023","0073","062","Coniferous Evergreen Shrubs","CS","","12/21/2022",""
"A00540","01","2023","0073","063","Small Fruits","SF","","12/21/2022",""
"A00540","01","2023","0073","064","Herbaceous Perennials","HP","","12/21/2022",""
"A00540","01","2023","0073","065","Roses","RO","","12/21/2022",""
"A00540","01","2023","0073","066","Ground Cover And Vines","GC","","12/21/2022",""
"A00540","01","2023","0073","067","Annuals","AN","","12/21/2022",""
"A00540","01","2023","0073","068","Foliage","FO","","12/21/2022",""
"A00540","01","2023","0073","070","Palms And Cycads","PC","","12/21/2022",""
"A00540","01","2023","0073","071","Liners","LI","","12/21/2022",""
"A00540","01","2023","0074","090","Peppermint","PM","","6/17/2022",""
"A00540","01","2023","0074","091","Native Spearmint","NSM","","6/17/2022",""
"A00540","01","2023","0074","092","Scotch Spearmint","SSM","","6/17/2022",""
"A00540","01","2023","0075","081","Virginia","VA","","11/16/2022",""
"A00540","01","2023","0075","082","Southeast Spanish","SES","","11/16/2022",""
"A00540","01","2023","0075","083","Southwest Spanish","SWS","","11/16/2022",""
"A00540","01","2023","0075","084","Runners","RU","","11/16/2022",""
"A00540","01","2023","0075","085","Valencia","VL","","11/16/2022",""
"A00540","01","2023","0076","670","Calendar Year Filer","CLNDRFLR","","8/30/2022",""
"A00540","01","2023","0076","671","Early Fiscal Year Filer","ERLYFF","","8/30/2022",""
"A00540","01","2023","0076","672","Late Fiscal Year Filer","LATEFF","","8/30/2022",""
"A00540","01","2023","0078","048","Oil","OIL","","11/16/2022",""
"A00540","01","2023","0078","049","Confectionery","CONFT","","11/16/2022",""
"A00540","01","2023","0079","997","No Type Specified","NTS","","4/7/2022",""
"A00540","01","2023","0080","210","Standard Planting","SP","","11/16/2022",""
"A00540","01","2023","0081","091","Commodity","COMM","","6/17/2022",""
"A00540","01","2023","0081","128","All Other Food Grades","ALLOTHFDGD","","11/16/2022",""
"A00540","01","2023","0081","882","Large Seeded Food Grade","LSFG","","11/16/2022",""
"A00540","01","2023","0081","883","Small Seeded Food Grade","SSFG","","11/16/2022",""
"A00540","01","2023","0081","884","Low Linolenic Acid","LLA","","11/16/2022",""
"A00540","01","2023","0081","885","Low Saturated Fat","LSF","","11/16/2022",""
"A00540","01","2023","0081","886","High Protein","HP","","11/16/2022",""
"A00540","01","2023","0081","997","No Type Specified","NTS","","6/17/2022",""
"A00540","01","2023","0083","335","Bell Pepper","BP","","4/7/2022",""
"A00540","01","2023","0084","000","All Types","ALL","","11/16/2022",""
"A00540","01","2023","0084","009","Seed","S","","11/16/2022",""
"A00540","01","2023","0084","076","Russets/Shepodys","RTSD","","11/16/2022",""
"A00540","01","2023","0084","077","Russets","RU","","8/9/2022",""
"A00540","01","2023","0084","078","Reds","R","","8/9/2022",""
"A00540","01","2023","0084","079","Whites","W","","8/9/2022",""
"A00540","01","2023","0084","080","Russets Non-Seed","RUNS","","11/16/2022",""
"A00540","01","2023","0084","084","Reds Non-Seed","RNS","","11/16/2022",""
"A00540","01","2023","0084","085","Whites Non-Seed","WNS","","11/16/2022",""
"A00540","01","2023","0084","090","Russets Seed","RUS","","11/16/2022",""
"A00540","01","2023","0084","093","All Other","O","","11/16/2022",""
"A00540","01","2023","0084","094","Reds Seed","RS","","11/16/2022",""
"A00540","01","2023","0084","095","Whites Seed","WS","","11/16/2022",""
"A00540","01","2023","0084","161","Group A","GRPA","","4/7/2022",""
"A00540","01","2023","0084","258","Creamer","CREMR","","11/4/2022",""
"A00540","01","2023","0084","261","Group B","GRPB","","4/7/2022",""
"A00540","01","2023","0084","361","Group C","GRPC","","11/16/2022",""
"A00540","01","2023","0084","997","No Type Specified","NTS","","11/16/2022",""
"A00540","01","2023","0086","226","Grape","GRAPE","","11/16/2022",""
"A00540","01","2023","0086","245","Field Grown Traditional Round","FGTRDRND","","4/7/2022",""
"A00540","01","2023","0086","246","Field Grown Cherry","FGCHERRY","","4/7/2022",""
"A00540","01","2023","0086","247","Field Grown Grape","FGGRAPE","","4/7/2022",""
"A00540","01","2023","0086","248","Field Grown Plum","FGPLUM","","4/7/2022",""
"A00540","01","2023","0086","997","No Type Specified","NTS","","8/9/2022",""
"A00540","01","2023","0087","997","No Type Specified","NTS","","8/9/2022",""
"A00540","01","2023","0088","007","Grazing","GRAZNG","","8/24/2022",""
"A00540","01","2023","0088","030","Haying","HAYING","","8/24/2022",""
"A00540","01","2023","0089","189","Green Bartlett","GB","","8/9/2022",""
"A00540","01","2023","0089","389","Winter","W","","8/9/2022",""
"A00540","01","2023","0089","489","Summer and Fall","SMR FALL","","8/9/2022",""
"A00540","01","2023","0091","091","Winter","W","","6/17/2022",""
"A00540","01","2023","0091","092","Spring","S","","6/17/2022",""
"A00540","01","2023","0091","872","All Others (Spring)","AOSP","","6/17/2022",""
"A00540","01","2023","0091","873","Malting (Spring)","MSPR","","6/17/2022",""
"A00540","01","2023","0091","874","Waxy Hulled (Spring)","WHDS","","6/17/2022",""
"A00540","01","2023","0091","875","Waxy Hulless (Spring)","WHSS","","6/17/2022",""
"A00540","01","2023","0091","876","Hulless (Spring)","HSSP","","6/17/2022",""
"A00540","01","2023","0091","972","All Others (Winter)","AOWT","","6/17/2022",""
"A00540","01","2023","0091","973","Malting (Winter)","MWTR","","6/17/2022",""
"A00540","01","2023","0092","102","Processing","PROC","","8/9/2022",""
"A00540","01","2023","0092","107","Early Season (Fresh)","ES","","8/9/2022",""
"A00540","01","2023","0092","108","Mid Season (Fresh)","MS","","8/9/2022",""
"A00540","01","2023","0092","109","Late Season (Fresh)","LS","","8/9/2022",""
"A00540","01","2023","0092","332","Oriental Plums & Pluots (Fresh)","OPP","","8/9/2022",""
"A00540","01","2023","0092","333","European Prunes & Plums (Fresh)","EPP","","8/9/2022",""
"A00540","01","2023","0093","210","Standard Planting","SP","","11/16/2022",""
"A00540","01","2023","0094","011","Winter","W","","6/17/2022",""
"A00540","01","2023","0102","221","Kentucky Bluegrass","KBG","","6/17/2022",""
"A00540","01","2023","0102","222","Perennial Ryegrass","PRG","","6/17/2022",""
"A00540","01","2023","0105","012","Spring","S","","11/16/2022",""
"A00540","01","2023","0105","086","Fall","FALL","","11/16/2022",""
"A00540","01","2023","0105","997","No Type Specified","NTS","","11/16/2022",""
"A00540","01","2023","0107","114","Avrb Ratings 1-4","DRA","","6/17/2022",""
"A00540","01","2023","0107","159","Avrb Ratings 5-9","DRD","","6/17/2022",""
"A00540","01","2023","0107","714","Hybrid Avrb Ratings 1-4","HDRA","","6/17/2022",""
"A00540","01","2023","0107","759","Hybrid Avrb Ratings 5-9","HDRD","","6/17/2022",""
"A00540","01","2023","0114","012","Spring","S","","11/16/2022",""
"A00540","01","2023","0115","997","No Type Specified","NTS","","1/25/2023",""
"A00540","01","2023","0116","084","Stage 2","STG2","","8/9/2022",""
"A00540","01","2023","0116","085","Stage 3","STG3","","8/9/2022",""
"A00540","01","2023","0116","086","Stage 4","STG4","","8/9/2022",""
"A00540","01","2023","0132","476","Pickling","PKLNG","","11/16/2022",""
"A00540","01","2023","0147","102","Processing","PROC","","11/16/2022",""
"A00540","01","2023","0154","997","No Type Specified","NTS","","4/7/2022",""
"A00540","01","2023","0156","162","Beauregard (Fresh)","BEAU-FRSH","","11/16/2022",""
"A00540","01","2023","0156","164","Evangeline (Fresh)","EVANG-FRSH","","11/16/2022",""
"A00540","01","2023","0156","167","Beauregard (Dedicated Processing)","BEAU-DP","","11/16/2022",""
"A00540","01","2023","0156","168","Evangeline (Dedicated Processing)","EVANG-DP","","11/16/2022",""
"A00540","01","2023","0156","175","Orleans (Fresh)","ORL-FRSH","","11/16/2022",""
"A00540","01","2023","0156","181","Orleans (Dedicated Processing)","ORL-DP","","11/16/2022",""
"A00540","01","2023","0156","182","07-146/Bayou Belle Variety (Fresh)","07BB-FRSH","","11/16/2022",""
"A00540","01","2023","0156","229","07-146/Bayou Belle Variety (Dedicated Processing)","07BB-DP","","11/16/2022",""
"A00540","01","2023","0158","011","Winter","W","","6/24/2022",""
"A00540","01","2023","0158","012","Spring","S","","6/24/2022",""
"A00540","01","2023","0184","115","Varietal Group B","VARIETAL-B","","12/21/2022",""
"A00540","01","2023","0184","197","Varietal Group A","VARIETAL-A","","12/21/2022",""
"A00540","01","2023","0184","198","Varietal Group C","VARIETAL-C","","12/21/2022",""
"A00540","01","2023","0184","205","Varietal Group D","VARIETAL-D","","12/21/2022",""
"A00540","01","2023","0192","762","Minneola/Honeybell","MNNLA","","8/9/2022",""
"A00540","01","2023","0193","400","Dancy","DANCY","","6/17/2022",""
"A00540","01","2023","0193","401","Fairchild","FAIRD","","6/17/2022",""
"A00540","01","2023","0193","402","Fallglow","FALGL","","6/17/2022",""
"A00540","01","2023","0193","403","Robinson","RBNSN","","6/17/2022",""
"A00540","01","2023","0193","404","Sunburst","SNBST","","6/17/2022",""
"A00540","01","2023","0193","407","All Other Tangerines","AOTGR","","6/17/2022",""
"A00540","01","2023","0201","101","Fresh","FRESH","","8/9/2022",""
"A00540","01","2023","0201","102","Juice","JUICE","","8/9/2022",""
"A00540","01","2023","0201","145","All Others (Fresh)","AOF","","8/9/2022",""
"A00540","01","2023","0201","146","All Others (Juice)","AOJ","","8/9/2022",""
"A00540","01","2023","0201","154","Rio Red & Star Ruby (Fresh)","RRSRF","","8/9/2022",""
"A00540","01","2023","0201","155","Rio Red & Star Ruby (Juice)","RRSRJ","","8/9/2022",""
"A00540","01","2023","0201","156","Ruby Red (Fresh)","RRF","","8/9/2022",""
"A00540","01","2023","0201","157","Ruby Red (Juice)","RRJ","","8/9/2022",""
"A00540","01","2023","0201","997","No Type Specified","NTS","","8/9/2022",""
"A00540","01","2023","0202","101","Fresh","FRESH","","8/9/2022",""
"A00540","01","2023","0202","102","Juice","JUICE","","8/9/2022",""
"A00540","01","2023","0202","997","No Type Specified","NTS","","8/9/2022",""
"A00540","01","2023","0203","101","Fresh","FRESH","","8/9/2022",""
"A00540","01","2023","0203","149","Orlando","ORLAND","","8/9/2022",""
"A00540","01","2023","0203","762","Minneola/Honeybell","MNNLA","","8/9/2022",""
"A00540","01","2023","0207","010","Early & Midseason Oranges","EMO","","6/17/2022",""
"A00540","01","2023","0207","020","Late Oranges","LO","","6/17/2022",""
"A00540","01","2023","0207","109","Late Season","LS","","8/9/2022",""
"A00540","01","2023","0207","336","Early/Mid Season","EARLYMID","","12/21/2022",""
"A00540","01","2023","0207","337","Late","LATE","","12/21/2022",""
"A00540","01","2023","0207","338","Navel","NAVEL","","8/9/2022",""
"A00540","01","2023","0207","339","Temple","TMPLE","","12/21/2022",""
"A00540","01","2023","0208","030","Ruby Red Grapefruit","RRGR","","6/17/2022",""
"A00540","01","2023","0208","035","All Other Grapefruit","AOGF","","6/17/2022",""
"A00540","01","2023","0208","040","Rio Red & Star Ruby Grapefruit","RRSRGF","","6/17/2022",""
"A00540","01","2023","0208","340","Colored","COLOR","","8/9/2022",""
"A00540","01","2023","0208","341","White","WHITE","","8/9/2022",""
"A00540","01","2023","0209","203","All Other Lemons","AOLMNS","","6/17/2022",""
"A00540","01","2023","0209","204","Meyer","MEYR","","6/17/2022",""
"A00540","01","2023","0209","395","Eureka","EURKA","","8/9/2022",""
"A00540","01","2023","0209","414","Lisbon","LISBN","","8/9/2022",""
"A00540","01","2023","0209","997","No Type Specified","NTS","","12/21/2022",""
"A00540","01","2023","0210","212","Persian/Tahiti","PRSN/THT","","6/17/2022",""
"A00540","01","2023","0210","213","All Other Limes","AOLIME","","6/17/2022",""
"A00540","01","2023","0210","997","No Type Specified","NTS","","12/21/2022",""
"A00540","01","2023","0211","342","Murcott","MURCT","","12/21/2022",""
"A00540","01","2023","0211","343","Tangelo","TNGLO","","12/21/2022",""
"A00540","01","2023","0211","344","Tangerine","TNGER","","12/21/2022",""
"A00540","01","2023","0212","997","No Type Specified","NTS","","12/21/2022",""
"A00540","01","2023","0213","997","No Type Specified","NTS","","12/21/2022",""
"A00540","01","2023","0214","997","No Type Specified","NTS","","12/21/2022",""
"A00540","01","2023","0218","997","No Type Specified","NTS","","8/9/2022",""
"A00540","01","2023","0219","997","No Type Specified","NTS","","8/9/2022",""
"A00540","01","2023","0220","107","Early Season","ES","","8/9/2022",""
"A00540","01","2023","0220","108","Mid Season","MS","","8/9/2022",""
"A00540","01","2023","0220","109","Late Season","LS","","8/9/2022",""
"A00540","01","2023","0220","997","No Type Specified","NTS","","8/9/2022",""
"A00540","01","2023","0221","214","Extra Early","EE","","8/9/2022",""
"A00540","01","2023","0221","224","Earlies","ES","","8/9/2022",""
"A00540","01","2023","0221","234","Lates","LT","","8/9/2022",""
"A00540","01","2023","0221","244","Extra Late","ELT","","8/9/2022",""
"A00540","01","2023","0222","997","No Type Specified","NTS","","8/9/2022",""
"A00540","01","2023","0223","107","Early Season","ES","","8/9/2022",""
"A00540","01","2023","0223","108","Mid Season","MS","","8/9/2022",""
"A00540","01","2023","0223","109","Late Season","LS","","8/9/2022",""
"A00540","01","2023","0223","997","No Type Specified","NTS","","8/9/2022",""
"A00540","01","2023","0227","107","Early Season (Fresh)","ERSNF","","8/9/2022",""
"A00540","01","2023","0227","109","Late Season (Fresh)","LS","","8/9/2022",""
"A00540","01","2023","0227","123","Early Season (Juice)","ERSNJ","","8/9/2022",""
"A00540","01","2023","0227","124","Mid Season Non-Valencia (Fresh)","MSNVF","","8/9/2022",""
"A00540","01","2023","0227","125","Mid Season Valencia (Fresh)","MSVF","","8/9/2022",""
"A00540","01","2023","0227","126","Mid Season Non-Valencia (Juice)","MSNVJ","","8/9/2022",""
"A00540","01","2023","0227","128","Mid Season Valencia (Juice)","MSVJ","","8/9/2022",""
"A00540","01","2023","0227","129","Late Season (Juice)","LTSNJ","","8/9/2022",""
"A00540","01","2023","0227","131","Navel (Fresh)","NVLFR","","8/9/2022",""
"A00540","01","2023","0227","134","Navel","NVL","","8/9/2022",""
"A00540","01","2023","0227","135","Sweet","SWT","","8/9/2022",""
"A00540","01","2023","0227","136","Valencia","VAL","","8/9/2022",""
"A00540","01","2023","0227","137","Cara Cara","CARA CARA","","8/9/2022",""
"A00540","01","2023","0227","150","Early & Midseason (Fresh)","EMF","","8/9/2022",""
"A00540","01","2023","0227","151","Early & Midseason (Juice)","EMJ","","8/9/2022",""
"A00540","01","2023","0229","012","012 Flue Cured","012 FL CR","","11/16/2022",""
"A00540","01","2023","0229","013","013 Flue Cured","013 FL CR","","11/16/2022",""
"A00540","01","2023","0229","014","014 Flue Cured","014 FL CR","","11/16/2022",""
"A00540","01","2023","0229","111","11A Flue Cured","11A FL CR","","11/16/2022",""
"A00540","01","2023","0229","112","11B Flue Cured","11B FL CR","","11/16/2022",""
"A00540","01","2023","0230","021","021 Fire Cured","021 FR CR","","11/23/2022",""
"A00540","01","2023","0230","022","022 Fire Cured","022 FR CR","","11/16/2022",""
"A00540","01","2023","0230","023","023 Fire Cured","023 FR CR","","11/16/2022",""
"A00540","01","2023","0231","031","031 Burley","031 BRLY","","11/16/2022",""
"A00540","01","2023","0232","032","032 Maryland","032 MD","","11/23/2022",""
"A00540","01","2023","0233","035","035 Dark Air","035 DA","","11/16/2022",""
"A00540","01","2023","0233","036","036 Dark Air","036 DA","","11/16/2022",""
"A00540","01","2023","0233","037","037 Dark Air","037 DA","","11/23/2022",""
"A00540","01","2023","0234","041","041 Cigar Filler","041 CF","","11/16/2022",""
"A00540","01","2023","0235","051","051 Cigar Binder","051 CB","","11/16/2022",""
"A00540","01","2023","0235","052","052 Cigar Binder","052 CB","","11/16/2022",""
"A00540","01","2023","0235","054","054 Cigar Binder","054 CB","","11/16/2022",""
"A00540","01","2023","0235","055","055 Cigar Binder","055 CB","","11/16/2022",""
"A00540","01","2023","0236","061","061 Cigar Wrapper","061 CW","","11/16/2022",""
"A00540","01","2023","0255","117","Cavendish","C","","8/9/2022",""
"A00540","01","2023","0255","118","Brazilian","B","","8/9/2022",""
"A00540","01","2023","0256","997","No Type Specified","NTS","","8/9/2022",""
"A00540","01","2023","0257","121","Gmo","GMO","","8/9/2022",""
"A00540","01","2023","0257","122","Non-Gmo","NGMO","","8/9/2022",""
"A00540","01","2023","0265","117","Cavendish","C","","8/9/2022",""
"A00540","01","2023","0265","118","Brazilian","B","","8/9/2022",""
"A00540","01","2023","0266","997","No Type Specified","NTS","","8/9/2022",""
"A00540","01","2023","0267","121","Gmo","GMO","","8/9/2022",""
"A00540","01","2023","0267","122","Non-Gmo","NGMO","","8/9/2022",""
"A00540","01","2023","0284","791","Group 1 Improved","G1IMPVD","","12/21/2022",""
"A00540","01","2023","0284","792","Group 2 Improved","G2IMPVD","","12/21/2022",""
"A00540","01","2023","0284","794","Native","NTIVE","","12/21/2022",""
"A00540","01","2023","0308","107","Early Season","ES","","8/9/2022",""
"A00540","01","2023","0308","109","Late Season","LS","","8/9/2022",""
"A00540","01","2023","0309","101","Fresh","FRESH","","8/9/2022",""
"A00540","01","2023","0309","107","Early Season","ES","","8/9/2022",""
"A00540","01","2023","0309","109","Late Season","LS","","8/9/2022",""
"A00540","01","2023","0332","997","No Type Specified","NTS","","4/26/2022",""
"A00540","01","2023","0333","997","No Type Specified","NTS","","11/16/2022",""
"A00540","01","2023","0334","210","Standard Planting","SP","","11/16/2022",""
"A00540","01","2023","0396","303","Black","BLACK","","11/16/2022",""
"A00540","01","2023","0396","341","White","WHITE","","11/16/2022",""
"A00540","01","2023","0467","115","Varietal Group B","VARIETAL-B","","10/27/2022",""
"A00540","01","2023","0467","197","Varietal Group A","VARIETAL-A","","10/27/2022",""
"A00540","01","2023","0470","997","No Type Specified","NTS","","8/9/2022",""
"A00540","01","2023","0501","048","Oil","OIL","","8/9/2022",""
"A00540","01","2023","0501","408","Table (Manzanillo)","TABLE-MANZ","","8/9/2022",""
"A00540","01","2023","0501","409","Table (All Other)","TABLE-AO","","8/9/2022",""
"A00540","01","2023","0801","809","Steers Weight 1","SW1","","4/28/2022",""
"A00540","01","2023","0801","810","Steers Weight 2","SW2","","4/28/2022",""
"A00540","01","2023","0801","811","Heifers Weight 1","HW1","","4/28/2022",""
"A00540","01","2023","0801","812","Heifers Weight 2","HW2","","4/28/2022",""
"A00540","01","2023","0801","813","Brahman Weight 1","BW1","","4/28/2022",""
"A00540","01","2023","0801","814","Brahman Weight 2","BW2","","4/28/2022",""
"A00540","01","2023","0801","815","Dairy Weight 1","DW1","","4/28/2022",""
"A00540","01","2023","0801","816","Dairy Weight 2","DW2","","4/28/2022",""
"A00540","01","2023","0801","817","Unborn Steers & Heifers","UBSH","","4/28/2022",""
"A00540","01","2023","0801","818","Unborn Brahman","UBB","","4/28/2022",""
"A00540","01","2023","0801","819","Unborn Dairy","UBD","","4/28/2022",""
"A00540","01","2023","0802","820","Steers & Heifers","SH","","4/28/2022",""
"A00540","01","2023","0803","807","Calf Finishing","CF","","4/28/2022",""
"A00540","01","2023","0803","808","Yearling Finishing","YF","","4/28/2022",""
"A00540","01","2023","0815","804","Farrow To Finish","FTF","","4/28/2022",""
"A00540","01","2023","0815","805","Finishing","F","","4/28/2022",""
"A00540","01","2023","0815","806","Sew Pig Finishing","SWPGF","","4/28/2022",""
"A00540","01","2023","0815","821","Unborn Swine","UBS","","4/28/2022",""
"A00540","01","2023","0815","997","No Type Specified","NTS","","4/28/2022",""
"A00540","01","2023","0830","831","Class Price Option","CLPROP","","4/28/2022",""
"A00540","01","2023","0830","832","Component Price Option","CMPROP","","4/28/2022",""
"A00540","01","2023","0847","997","No Type Specified","NTS","","4/28/2022",""
"A00540","01","2023","1010","068","Foliage","FO","","4/7/2022",""
"A00540","01","2023","1010","071","Liners","LI","","4/7/2022",""
"A00540","01","2023","1010","840","Annual Plants and Plants Grown for 1 Yr or Less","APPG1Y","","4/7/2022",""
"A00540","01","2023","1010","841","Herbaceous Biennials and Perennials","HBBLPL","","4/7/2022",""
"A00540","01","2023","1010","842","Vines","VINES","","4/7/2022",""
"A00540","01","2023","1010","843","Broadleaf Evergreen Trees and Shrubs","BLEGTS","","4/7/2022",""
"A00540","01","2023","1010","844","Coniferous Evergreen Trees and Shrubs","CFEGTS","","4/7/2022",""
"A00540","01","2023","1010","845","Deciduous Trees and Shrubs","DCDTS","","4/7/2022",""
"A00540","01","2023","1010","846","Palms","PALMS","","4/7/2022",""
"A00540","01","2023","1010","847","Cycads","CYCADS","","4/7/2022",""
"A00540","01","2023","1191","997","No Type Specified","NTS","","8/24/2022",""
"A00540","01","2023","1218","016","Grain","GRAIN","","11/16/2022",""
"A00540","01","2023","1218","017","Fiber","FIBER","","11/16/2022",""
"A00540","01","2023","1218","018","Cannabidiol (CBD)","CBD","","11/16/2022",""
"A00540","01","2023","1302","051","Temples","TP","","8/9/2022",""
"A00540","01","2023","1302","052","Murcotts","MC","","8/9/2022",""
"A00540","01","2023","6000","132","Raspberries Varietal Group A","RASVGA","","8/30/2022",""
"A00540","01","2023","6000","133","Raspberries Varietal Group B","RASVGB","","8/30/2022",""
"A00540","01","2023","9110","670","Calendar Year Filer","CLNDRFLR","","8/30/2022",""
"A00540","01","2023","9110","671","Early Fiscal Year Filer","ERLYFF","","8/30/2022",""
"A00540","01","2023","9110","672","Late Fiscal Year Filer","LATEFF","","8/30/2022",""
"A00540","01","2023","9936","102","Juice","JUICE","","12/21/2022",""